Simulation Number,PG.cFactor,ExitSlit.openingHeight,PG.lineDensity,PG.orderDiffraction,SU.numberRays,SU.photonEnergy
0,2.25,0.008,2400,1,100000,1000
1,2.5,0.012,600,1,100000.0,100
2,2.5,0.012,600,1,100000.0,150
3,2.5,0.012,600,1,100000.0,200
4,2.5,0.012,600,1,100000.0,250
5,2.5,0.012,600,1,100000.0,300
6,2.5,0.012,600,1,100000.0,350
7,2.5,0.012,600,1,100000.0,400
8,2.5,0.012,600,1,100000.0,450
9,2.5,0.012,600,1,100000.0,500
10,2.5,0.012,600,1,100000.0,550
11,2.5,0.012,600,1,100000.0,600
12,2.5,0.012,600,1,100000.0,650
13,2.5,0.012,600,1,100000.0,700
14,2.5,0.012,600,1,100000.0,750
15,2.5,0.012,600,1,100000.0,800
16,2.5,0.012,600,1,100000.0,850
17,2.5,0.012,600,1,100000.0,900
18,2.5,0.012,600,1,100000.0,950
19,2.5,0.012,600,1,100000.0,1000
20,2.5,0.012,600,1,100000.0,1050
21,2.5,0.012,600,1,100000.0,1100
22,2.5,0.012,600,1,100000.0,1150
23,2.5,0.012,600,1,100000.0,1200
24,2.5,0.012,600,1,100000.0,1250
25,2.5,0.012,600,1,100000.0,1300
26,2.5,0.012,600,1,100000.0,1350
27,2.5,0.012,600,1,100000.0,1400
28,2.5,0.012,600,1,100000.0,1450
29,2.5,0.012,600,1,100000.0,1500
30,2.5,0.012,600,1,100000.0,1550
31,2.5,0.012,600,1,100000.0,1600
32,2.5,0.012,600,1,100000.0,1650
33,2.5,0.012,600,1,100000.0,1700
34,2.5,0.012,600,1,100000.0,1750
35,2.5,0.012,600,1,100000.0,1800
36,2.5,0.012,600,1,100000.0,1850
37,2.5,0.012,600,1,100000.0,1900
38,2.5,0.012,600,1,100000.0,1950
39,2.5,0.012,600,1,100000.0,2000
40,2.5,0.012,1200,1,100000.0,100
41,2.5,0.012,1200,1,100000.0,150
42,2.5,0.012,1200,1,100000.0,200
43,2.5,0.012,1200,1,100000.0,250
44,2.5,0.012,1200,1,100000.0,300
45,2.5,0.012,1200,1,100000.0,350
46,2.5,0.012,1200,1,100000.0,400
47,2.5,0.012,1200,1,100000.0,450
48,2.5,0.012,1200,1,100000.0,500
49,2.5,0.012,1200,1,100000.0,550
50,2.5,0.012,1200,1,100000.0,600
51,2.5,0.012,1200,1,100000.0,650
52,2.5,0.012,1200,1,100000.0,700
53,2.5,0.012,1200,1,100000.0,750
54,2.5,0.012,1200,1,100000.0,800
55,2.5,0.012,1200,1,100000.0,850
56,2.5,0.012,1200,1,100000.0,900
57,2.5,0.012,1200,1,100000.0,950
58,2.5,0.012,1200,1,100000.0,1000
59,2.5,0.012,1200,1,100000.0,1050
60,2.5,0.012,1200,1,100000.0,1100
61,2.5,0.012,1200,1,100000.0,1150
62,2.5,0.012,1200,1,100000.0,1200
63,2.5,0.012,1200,1,100000.0,1250
64,2.5,0.012,1200,1,100000.0,1300
65,2.5,0.012,1200,1,100000.0,1350
66,2.5,0.012,1200,1,100000.0,1400
67,2.5,0.012,1200,1,100000.0,1450
68,2.5,0.012,1200,1,100000.0,1500
69,2.5,0.012,1200,1,100000.0,1550
70,2.5,0.012,1200,1,100000.0,1600
71,2.5,0.012,1200,1,100000.0,1650
72,2.5,0.012,1200,1,100000.0,1700
73,2.5,0.012,1200,1,100000.0,1750
74,2.5,0.012,1200,1,100000.0,1800
75,2.5,0.012,1200,1,100000.0,1850
76,2.5,0.012,1200,1,100000.0,1900
77,2.5,0.012,1200,1,100000.0,1950
78,2.5,0.012,1200,1,100000.0,2000
79,2.5,0.012,2400,1,100000.0,100
80,2.5,0.012,2400,1,100000.0,150
81,2.5,0.012,2400,1,100000.0,200
82,2.5,0.012,2400,1,100000.0,250
83,2.5,0.012,2400,1,100000.0,300
84,2.5,0.012,2400,1,100000.0,350
85,2.5,0.012,2400,1,100000.0,400
86,2.5,0.012,2400,1,100000.0,450
87,2.5,0.012,2400,1,100000.0,500
88,2.5,0.012,2400,1,100000.0,550
89,2.5,0.012,2400,1,100000.0,600
90,2.5,0.012,2400,1,100000.0,650
91,2.5,0.012,2400,1,100000.0,700
92,2.5,0.012,2400,1,100000.0,750
93,2.5,0.012,2400,1,100000.0,800
94,2.5,0.012,2400,1,100000.0,850
95,2.5,0.012,2400,1,100000.0,900
96,2.5,0.012,2400,1,100000.0,950
97,2.5,0.012,2400,1,100000.0,1000
98,2.5,0.012,2400,1,100000.0,1050
99,2.5,0.012,2400,1,100000.0,1100
100,2.5,0.012,2400,1,100000.0,1150
101,2.5,0.012,2400,1,100000.0,1200
102,2.5,0.012,2400,1,100000.0,1250
103,2.5,0.012,2400,1,100000.0,1300
104,2.5,0.012,2400,1,100000.0,1350
105,2.5,0.012,2400,1,100000.0,1400
106,2.5,0.012,2400,1,100000.0,1450
107,2.5,0.012,2400,1,100000.0,1500
108,2.5,0.012,2400,1,100000.0,1550
109,2.5,0.012,2400,1,100000.0,1600
110,2.5,0.012,2400,1,100000.0,1650
111,2.5,0.012,2400,1,100000.0,1700
112,2.5,0.012,2400,1,100000.0,1750
113,2.5,0.012,2400,1,100000.0,1800
114,2.5,0.012,2400,1,100000.0,1850
115,2.5,0.012,2400,1,100000.0,1900
116,2.5,0.012,2400,1,100000.0,1950
117,2.5,0.012,2400,1,100000.0,2000
118,2.5,0.01,600,1,100000.0,100
119,2.5,0.01,600,1,100000.0,150
120,2.5,0.01,600,1,100000.0,200
121,2.5,0.01,600,1,100000.0,250
122,2.5,0.01,600,1,100000.0,300
123,2.5,0.01,600,1,100000.0,350
124,2.5,0.01,600,1,100000.0,400
125,2.5,0.01,600,1,100000.0,450
126,2.5,0.01,600,1,100000.0,500
127,2.5,0.01,600,1,100000.0,550
128,2.5,0.01,600,1,100000.0,600
129,2.5,0.01,600,1,100000.0,650
130,2.5,0.01,600,1,100000.0,700
131,2.5,0.01,600,1,100000.0,750
132,2.5,0.01,600,1,100000.0,800
133,2.5,0.01,600,1,100000.0,850
134,2.5,0.01,600,1,100000.0,900
135,2.5,0.01,600,1,100000.0,950
136,2.5,0.01,600,1,100000.0,1000
137,2.5,0.01,600,1,100000.0,1050
138,2.5,0.01,600,1,100000.0,1100
139,2.5,0.01,600,1,100000.0,1150
140,2.5,0.01,600,1,100000.0,1200
141,2.5,0.01,600,1,100000.0,1250
142,2.5,0.01,600,1,100000.0,1300
143,2.5,0.01,600,1,100000.0,1350
144,2.5,0.01,600,1,100000.0,1400
145,2.5,0.01,600,1,100000.0,1450
146,2.5,0.01,600,1,100000.0,1500
147,2.5,0.01,600,1,100000.0,1550
148,2.5,0.01,600,1,100000.0,1600
149,2.5,0.01,600,1,100000.0,1650
150,2.5,0.01,600,1,100000.0,1700
151,2.5,0.01,600,1,100000.0,1750
152,2.5,0.01,600,1,100000.0,1800
153,2.5,0.01,600,1,100000.0,1850
154,2.5,0.01,600,1,100000.0,1900
155,2.5,0.01,600,1,100000.0,1950
156,2.5,0.01,600,1,100000.0,2000
157,2.5,0.01,1200,1,100000.0,100
158,2.5,0.01,1200,1,100000.0,150
159,2.5,0.01,1200,1,100000.0,200
160,2.5,0.01,1200,1,100000.0,250
161,2.5,0.01,1200,1,100000.0,300
162,2.5,0.01,1200,1,100000.0,350
163,2.5,0.01,1200,1,100000.0,400
164,2.5,0.01,1200,1,100000.0,450
165,2.5,0.01,1200,1,100000.0,500
166,2.5,0.01,1200,1,100000.0,550
167,2.5,0.01,1200,1,100000.0,600
168,2.5,0.01,1200,1,100000.0,650
169,2.5,0.01,1200,1,100000.0,700
170,2.5,0.01,1200,1,100000.0,750
171,2.5,0.01,1200,1,100000.0,800
172,2.5,0.01,1200,1,100000.0,850
173,2.5,0.01,1200,1,100000.0,900
174,2.5,0.01,1200,1,100000.0,950
175,2.5,0.01,1200,1,100000.0,1000
176,2.5,0.01,1200,1,100000.0,1050
177,2.5,0.01,1200,1,100000.0,1100
178,2.5,0.01,1200,1,100000.0,1150
179,2.5,0.01,1200,1,100000.0,1200
180,2.5,0.01,1200,1,100000.0,1250
181,2.5,0.01,1200,1,100000.0,1300
182,2.5,0.01,1200,1,100000.0,1350
183,2.5,0.01,1200,1,100000.0,1400
184,2.5,0.01,1200,1,100000.0,1450
185,2.5,0.01,1200,1,100000.0,1500
186,2.5,0.01,1200,1,100000.0,1550
187,2.5,0.01,1200,1,100000.0,1600
188,2.5,0.01,1200,1,100000.0,1650
189,2.5,0.01,1200,1,100000.0,1700
190,2.5,0.01,1200,1,100000.0,1750
191,2.5,0.01,1200,1,100000.0,1800
192,2.5,0.01,1200,1,100000.0,1850
193,2.5,0.01,1200,1,100000.0,1900
194,2.5,0.01,1200,1,100000.0,1950
195,2.5,0.01,1200,1,100000.0,2000
196,2.5,0.01,2400,1,100000.0,100
197,2.5,0.01,2400,1,100000.0,150
198,2.5,0.01,2400,1,100000.0,200
199,2.5,0.01,2400,1,100000.0,250
200,2.5,0.01,2400,1,100000.0,300
201,2.5,0.01,2400,1,100000.0,350
202,2.5,0.01,2400,1,100000.0,400
203,2.5,0.01,2400,1,100000.0,450
204,2.5,0.01,2400,1,100000.0,500
205,2.5,0.01,2400,1,100000.0,550
206,2.5,0.01,2400,1,100000.0,600
207,2.5,0.01,2400,1,100000.0,650
208,2.5,0.01,2400,1,100000.0,700
209,2.5,0.01,2400,1,100000.0,750
210,2.5,0.01,2400,1,100000.0,800
211,2.5,0.01,2400,1,100000.0,850
212,2.5,0.01,2400,1,100000.0,900
213,2.5,0.01,2400,1,100000.0,950
214,2.5,0.01,2400,1,100000.0,1000
215,2.5,0.01,2400,1,100000.0,1050
216,2.5,0.01,2400,1,100000.0,1100
217,2.5,0.01,2400,1,100000.0,1150
218,2.5,0.01,2400,1,100000.0,1200
219,2.5,0.01,2400,1,100000.0,1250
220,2.5,0.01,2400,1,100000.0,1300
221,2.5,0.01,2400,1,100000.0,1350
222,2.5,0.01,2400,1,100000.0,1400
223,2.5,0.01,2400,1,100000.0,1450
224,2.5,0.01,2400,1,100000.0,1500
225,2.5,0.01,2400,1,100000.0,1550
226,2.5,0.01,2400,1,100000.0,1600
227,2.5,0.01,2400,1,100000.0,1650
228,2.5,0.01,2400,1,100000.0,1700
229,2.5,0.01,2400,1,100000.0,1750
230,2.5,0.01,2400,1,100000.0,1800
231,2.5,0.01,2400,1,100000.0,1850
232,2.5,0.01,2400,1,100000.0,1900
233,2.5,0.01,2400,1,100000.0,1950
234,2.5,0.01,2400,1,100000.0,2000
235,2.5,0.008,600,1,100000.0,100
236,2.5,0.008,600,1,100000.0,150
237,2.5,0.008,600,1,100000.0,200
238,2.5,0.008,600,1,100000.0,250
239,2.5,0.008,600,1,100000.0,300
240,2.5,0.008,600,1,100000.0,350
241,2.5,0.008,600,1,100000.0,400
242,2.5,0.008,600,1,100000.0,450
243,2.5,0.008,600,1,100000.0,500
244,2.5,0.008,600,1,100000.0,550
245,2.5,0.008,600,1,100000.0,600
246,2.5,0.008,600,1,100000.0,650
247,2.5,0.008,600,1,100000.0,700
248,2.5,0.008,600,1,100000.0,750
249,2.5,0.008,600,1,100000.0,800
250,2.5,0.008,600,1,100000.0,850
251,2.5,0.008,600,1,100000.0,900
252,2.5,0.008,600,1,100000.0,950
253,2.5,0.008,600,1,100000.0,1000
254,2.5,0.008,600,1,100000.0,1050
255,2.5,0.008,600,1,100000.0,1100
256,2.5,0.008,600,1,100000.0,1150
257,2.5,0.008,600,1,100000.0,1200
258,2.5,0.008,600,1,100000.0,1250
259,2.5,0.008,600,1,100000.0,1300
260,2.5,0.008,600,1,100000.0,1350
261,2.5,0.008,600,1,100000.0,1400
262,2.5,0.008,600,1,100000.0,1450
263,2.5,0.008,600,1,100000.0,1500
264,2.5,0.008,600,1,100000.0,1550
265,2.5,0.008,600,1,100000.0,1600
266,2.5,0.008,600,1,100000.0,1650
267,2.5,0.008,600,1,100000.0,1700
268,2.5,0.008,600,1,100000.0,1750
269,2.5,0.008,600,1,100000.0,1800
270,2.5,0.008,600,1,100000.0,1850
271,2.5,0.008,600,1,100000.0,1900
272,2.5,0.008,600,1,100000.0,1950
273,2.5,0.008,600,1,100000.0,2000
274,2.5,0.008,1200,1,100000.0,100
275,2.5,0.008,1200,1,100000.0,150
276,2.5,0.008,1200,1,100000.0,200
277,2.5,0.008,1200,1,100000.0,250
278,2.5,0.008,1200,1,100000.0,300
279,2.5,0.008,1200,1,100000.0,350
280,2.5,0.008,1200,1,100000.0,400
281,2.5,0.008,1200,1,100000.0,450
282,2.5,0.008,1200,1,100000.0,500
283,2.5,0.008,1200,1,100000.0,550
284,2.5,0.008,1200,1,100000.0,600
285,2.5,0.008,1200,1,100000.0,650
286,2.5,0.008,1200,1,100000.0,700
287,2.5,0.008,1200,1,100000.0,750
288,2.5,0.008,1200,1,100000.0,800
289,2.5,0.008,1200,1,100000.0,850
290,2.5,0.008,1200,1,100000.0,900
291,2.5,0.008,1200,1,100000.0,950
292,2.5,0.008,1200,1,100000.0,1000
293,2.5,0.008,1200,1,100000.0,1050
294,2.5,0.008,1200,1,100000.0,1100
295,2.5,0.008,1200,1,100000.0,1150
296,2.5,0.008,1200,1,100000.0,1200
297,2.5,0.008,1200,1,100000.0,1250
298,2.5,0.008,1200,1,100000.0,1300
299,2.5,0.008,1200,1,100000.0,1350
300,2.5,0.008,1200,1,100000.0,1400
301,2.5,0.008,1200,1,100000.0,1450
302,2.5,0.008,1200,1,100000.0,1500
303,2.5,0.008,1200,1,100000.0,1550
304,2.5,0.008,1200,1,100000.0,1600
305,2.5,0.008,1200,1,100000.0,1650
306,2.5,0.008,1200,1,100000.0,1700
307,2.5,0.008,1200,1,100000.0,1750
308,2.5,0.008,1200,1,100000.0,1800
309,2.5,0.008,1200,1,100000.0,1850
310,2.5,0.008,1200,1,100000.0,1900
311,2.5,0.008,1200,1,100000.0,1950
312,2.5,0.008,1200,1,100000.0,2000
313,2.5,0.008,2400,1,100000.0,100
314,2.5,0.008,2400,1,100000.0,150
315,2.5,0.008,2400,1,100000.0,200
316,2.5,0.008,2400,1,100000.0,250
317,2.5,0.008,2400,1,100000.0,300
318,2.5,0.008,2400,1,100000.0,350
319,2.5,0.008,2400,1,100000.0,400
320,2.5,0.008,2400,1,100000.0,450
321,2.5,0.008,2400,1,100000.0,500
322,2.5,0.008,2400,1,100000.0,550
323,2.5,0.008,2400,1,100000.0,600
324,2.5,0.008,2400,1,100000.0,650
325,2.5,0.008,2400,1,100000.0,700
326,2.5,0.008,2400,1,100000.0,750
327,2.5,0.008,2400,1,100000.0,800
328,2.5,0.008,2400,1,100000.0,850
329,2.5,0.008,2400,1,100000.0,900
330,2.5,0.008,2400,1,100000.0,950
331,2.5,0.008,2400,1,100000.0,1000
332,2.5,0.008,2400,1,100000.0,1050
333,2.5,0.008,2400,1,100000.0,1100
334,2.5,0.008,2400,1,100000.0,1150
335,2.5,0.008,2400,1,100000.0,1200
336,2.5,0.008,2400,1,100000.0,1250
337,2.5,0.008,2400,1,100000.0,1300
338,2.5,0.008,2400,1,100000.0,1350
339,2.5,0.008,2400,1,100000.0,1400
340,2.5,0.008,2400,1,100000.0,1450
341,2.5,0.008,2400,1,100000.0,1500
342,2.5,0.008,2400,1,100000.0,1550
343,2.5,0.008,2400,1,100000.0,1600
344,2.5,0.008,2400,1,100000.0,1650
345,2.5,0.008,2400,1,100000.0,1700
346,2.5,0.008,2400,1,100000.0,1750
347,2.5,0.008,2400,1,100000.0,1800
348,2.5,0.008,2400,1,100000.0,1850
349,2.5,0.008,2400,1,100000.0,1900
350,2.5,0.008,2400,1,100000.0,1950
351,2.5,0.008,2400,1,100000.0,2000
352,25.0,0.012,600,1,100000.0,100
353,25.0,0.012,600,1,100000.0,150
354,25.0,0.012,600,1,100000.0,200
355,25.0,0.012,600,1,100000.0,250
356,25.0,0.012,600,1,100000.0,300
357,25.0,0.012,600,1,100000.0,350
358,25.0,0.012,600,1,100000.0,400
359,25.0,0.012,600,1,100000.0,450
360,25.0,0.012,600,1,100000.0,500
361,25.0,0.012,600,1,100000.0,550
362,25.0,0.012,600,1,100000.0,600
363,25.0,0.012,600,1,100000.0,650
364,25.0,0.012,600,1,100000.0,700
365,25.0,0.012,600,1,100000.0,750
366,25.0,0.012,600,1,100000.0,800
367,25.0,0.012,600,1,100000.0,850
368,25.0,0.012,600,1,100000.0,900
369,25.0,0.012,600,1,100000.0,950
370,25.0,0.012,600,1,100000.0,1000
371,25.0,0.012,600,1,100000.0,1050
372,25.0,0.012,600,1,100000.0,1100
373,25.0,0.012,600,1,100000.0,1150
374,25.0,0.012,600,1,100000.0,1200
375,25.0,0.012,600,1,100000.0,1250
376,25.0,0.012,600,1,100000.0,1300
377,25.0,0.012,600,1,100000.0,1350
378,25.0,0.012,600,1,100000.0,1400
379,25.0,0.012,600,1,100000.0,1450
380,25.0,0.012,600,1,100000.0,1500
381,25.0,0.012,600,1,100000.0,1550
382,25.0,0.012,600,1,100000.0,1600
383,25.0,0.012,600,1,100000.0,1650
384,25.0,0.012,600,1,100000.0,1700
385,25.0,0.012,600,1,100000.0,1750
386,25.0,0.012,600,1,100000.0,1800
387,25.0,0.012,600,1,100000.0,1850
388,25.0,0.012,600,1,100000.0,1900
389,25.0,0.012,600,1,100000.0,1950
390,25.0,0.012,600,1,100000.0,2000
391,25.0,0.012,1200,1,100000.0,100
392,25.0,0.012,1200,1,100000.0,150
393,25.0,0.012,1200,1,100000.0,200
394,25.0,0.012,1200,1,100000.0,250
395,25.0,0.012,1200,1,100000.0,300
396,25.0,0.012,1200,1,100000.0,350
397,25.0,0.012,1200,1,100000.0,400
398,25.0,0.012,1200,1,100000.0,450
399,25.0,0.012,1200,1,100000.0,500
400,25.0,0.012,1200,1,100000.0,550
401,25.0,0.012,1200,1,100000.0,600
402,25.0,0.012,1200,1,100000.0,650
403,25.0,0.012,1200,1,100000.0,700
404,25.0,0.012,1200,1,100000.0,750
405,25.0,0.012,1200,1,100000.0,800
406,25.0,0.012,1200,1,100000.0,850
407,25.0,0.012,1200,1,100000.0,900
408,25.0,0.012,1200,1,100000.0,950
409,25.0,0.012,1200,1,100000.0,1000
410,25.0,0.012,1200,1,100000.0,1050
411,25.0,0.012,1200,1,100000.0,1100
412,25.0,0.012,1200,1,100000.0,1150
413,25.0,0.012,1200,1,100000.0,1200
414,25.0,0.012,1200,1,100000.0,1250
415,25.0,0.012,1200,1,100000.0,1300
416,25.0,0.012,1200,1,100000.0,1350
417,25.0,0.012,1200,1,100000.0,1400
418,25.0,0.012,1200,1,100000.0,1450
419,25.0,0.012,1200,1,100000.0,1500
420,25.0,0.012,1200,1,100000.0,1550
421,25.0,0.012,1200,1,100000.0,1600
422,25.0,0.012,1200,1,100000.0,1650
423,25.0,0.012,1200,1,100000.0,1700
424,25.0,0.012,1200,1,100000.0,1750
425,25.0,0.012,1200,1,100000.0,1800
426,25.0,0.012,1200,1,100000.0,1850
427,25.0,0.012,1200,1,100000.0,1900
428,25.0,0.012,1200,1,100000.0,1950
429,25.0,0.012,1200,1,100000.0,2000
430,25.0,0.012,2400,1,100000.0,100
431,25.0,0.012,2400,1,100000.0,150
432,25.0,0.012,2400,1,100000.0,200
433,25.0,0.012,2400,1,100000.0,250
434,25.0,0.012,2400,1,100000.0,300
435,25.0,0.012,2400,1,100000.0,350
436,25.0,0.012,2400,1,100000.0,400
437,25.0,0.012,2400,1,100000.0,450
438,25.0,0.012,2400,1,100000.0,500
439,25.0,0.012,2400,1,100000.0,550
440,25.0,0.012,2400,1,100000.0,600
441,25.0,0.012,2400,1,100000.0,650
442,25.0,0.012,2400,1,100000.0,700
443,25.0,0.012,2400,1,100000.0,750
444,25.0,0.012,2400,1,100000.0,800
445,25.0,0.012,2400,1,100000.0,850
446,25.0,0.012,2400,1,100000.0,900
447,25.0,0.012,2400,1,100000.0,950
448,25.0,0.012,2400,1,100000.0,1000
449,25.0,0.012,2400,1,100000.0,1050
450,25.0,0.012,2400,1,100000.0,1100
451,25.0,0.012,2400,1,100000.0,1150
452,25.0,0.012,2400,1,100000.0,1200
453,25.0,0.012,2400,1,100000.0,1250
454,25.0,0.012,2400,1,100000.0,1300
455,25.0,0.012,2400,1,100000.0,1350
456,25.0,0.012,2400,1,100000.0,1400
457,25.0,0.012,2400,1,100000.0,1450
458,25.0,0.012,2400,1,100000.0,1500
459,25.0,0.012,2400,1,100000.0,1550
460,25.0,0.012,2400,1,100000.0,1600
461,25.0,0.012,2400,1,100000.0,1650
462,25.0,0.012,2400,1,100000.0,1700
463,25.0,0.012,2400,1,100000.0,1750
464,25.0,0.012,2400,1,100000.0,1800
465,25.0,0.012,2400,1,100000.0,1850
466,25.0,0.012,2400,1,100000.0,1900
467,25.0,0.012,2400,1,100000.0,1950
468,25.0,0.012,2400,1,100000.0,2000
469,25.0,0.01,600,1,100000.0,100
470,25.0,0.01,600,1,100000.0,150
471,25.0,0.01,600,1,100000.0,200
472,25.0,0.01,600,1,100000.0,250
473,25.0,0.01,600,1,100000.0,300
474,25.0,0.01,600,1,100000.0,350
475,25.0,0.01,600,1,100000.0,400
476,25.0,0.01,600,1,100000.0,450
477,25.0,0.01,600,1,100000.0,500
478,25.0,0.01,600,1,100000.0,550
479,25.0,0.01,600,1,100000.0,600
480,25.0,0.01,600,1,100000.0,650
481,25.0,0.01,600,1,100000.0,700
482,25.0,0.01,600,1,100000.0,750
483,25.0,0.01,600,1,100000.0,800
484,25.0,0.01,600,1,100000.0,850
485,25.0,0.01,600,1,100000.0,900
486,25.0,0.01,600,1,100000.0,950
487,25.0,0.01,600,1,100000.0,1000
488,25.0,0.01,600,1,100000.0,1050
489,25.0,0.01,600,1,100000.0,1100
490,25.0,0.01,600,1,100000.0,1150
491,25.0,0.01,600,1,100000.0,1200
492,25.0,0.01,600,1,100000.0,1250
493,25.0,0.01,600,1,100000.0,1300
494,25.0,0.01,600,1,100000.0,1350
495,25.0,0.01,600,1,100000.0,1400
496,25.0,0.01,600,1,100000.0,1450
497,25.0,0.01,600,1,100000.0,1500
498,25.0,0.01,600,1,100000.0,1550
499,25.0,0.01,600,1,100000.0,1600
500,25.0,0.01,600,1,100000.0,1650
501,25.0,0.01,600,1,100000.0,1700
502,25.0,0.01,600,1,100000.0,1750
503,25.0,0.01,600,1,100000.0,1800
504,25.0,0.01,600,1,100000.0,1850
505,25.0,0.01,600,1,100000.0,1900
506,25.0,0.01,600,1,100000.0,1950
507,25.0,0.01,600,1,100000.0,2000
508,25.0,0.01,1200,1,100000.0,100
509,25.0,0.01,1200,1,100000.0,150
510,25.0,0.01,1200,1,100000.0,200
511,25.0,0.01,1200,1,100000.0,250
512,25.0,0.01,1200,1,100000.0,300
513,25.0,0.01,1200,1,100000.0,350
514,25.0,0.01,1200,1,100000.0,400
515,25.0,0.01,1200,1,100000.0,450
516,25.0,0.01,1200,1,100000.0,500
517,25.0,0.01,1200,1,100000.0,550
518,25.0,0.01,1200,1,100000.0,600
519,25.0,0.01,1200,1,100000.0,650
520,25.0,0.01,1200,1,100000.0,700
521,25.0,0.01,1200,1,100000.0,750
522,25.0,0.01,1200,1,100000.0,800
523,25.0,0.01,1200,1,100000.0,850
524,25.0,0.01,1200,1,100000.0,900
525,25.0,0.01,1200,1,100000.0,950
526,25.0,0.01,1200,1,100000.0,1000
527,25.0,0.01,1200,1,100000.0,1050
528,25.0,0.01,1200,1,100000.0,1100
529,25.0,0.01,1200,1,100000.0,1150
530,25.0,0.01,1200,1,100000.0,1200
531,25.0,0.01,1200,1,100000.0,1250
532,25.0,0.01,1200,1,100000.0,1300
533,25.0,0.01,1200,1,100000.0,1350
534,25.0,0.01,1200,1,100000.0,1400
535,25.0,0.01,1200,1,100000.0,1450
536,25.0,0.01,1200,1,100000.0,1500
537,25.0,0.01,1200,1,100000.0,1550
538,25.0,0.01,1200,1,100000.0,1600
539,25.0,0.01,1200,1,100000.0,1650
540,25.0,0.01,1200,1,100000.0,1700
541,25.0,0.01,1200,1,100000.0,1750
542,25.0,0.01,1200,1,100000.0,1800
543,25.0,0.01,1200,1,100000.0,1850
544,25.0,0.01,1200,1,100000.0,1900
545,25.0,0.01,1200,1,100000.0,1950
546,25.0,0.01,1200,1,100000.0,2000
547,25.0,0.01,2400,1,100000.0,100
548,25.0,0.01,2400,1,100000.0,150
549,25.0,0.01,2400,1,100000.0,200
550,25.0,0.01,2400,1,100000.0,250
551,25.0,0.01,2400,1,100000.0,300
552,25.0,0.01,2400,1,100000.0,350
553,25.0,0.01,2400,1,100000.0,400
554,25.0,0.01,2400,1,100000.0,450
555,25.0,0.01,2400,1,100000.0,500
556,25.0,0.01,2400,1,100000.0,550
557,25.0,0.01,2400,1,100000.0,600
558,25.0,0.01,2400,1,100000.0,650
559,25.0,0.01,2400,1,100000.0,700
560,25.0,0.01,2400,1,100000.0,750
561,25.0,0.01,2400,1,100000.0,800
562,25.0,0.01,2400,1,100000.0,850
563,25.0,0.01,2400,1,100000.0,900
564,25.0,0.01,2400,1,100000.0,950
565,25.0,0.01,2400,1,100000.0,1000
566,25.0,0.01,2400,1,100000.0,1050
567,25.0,0.01,2400,1,100000.0,1100
568,25.0,0.01,2400,1,100000.0,1150
569,25.0,0.01,2400,1,100000.0,1200
570,25.0,0.01,2400,1,100000.0,1250
571,25.0,0.01,2400,1,100000.0,1300
572,25.0,0.01,2400,1,100000.0,1350
573,25.0,0.01,2400,1,100000.0,1400
574,25.0,0.01,2400,1,100000.0,1450
575,25.0,0.01,2400,1,100000.0,1500
576,25.0,0.01,2400,1,100000.0,1550
577,25.0,0.01,2400,1,100000.0,1600
578,25.0,0.01,2400,1,100000.0,1650
579,25.0,0.01,2400,1,100000.0,1700
580,25.0,0.01,2400,1,100000.0,1750
581,25.0,0.01,2400,1,100000.0,1800
582,25.0,0.01,2400,1,100000.0,1850
583,25.0,0.01,2400,1,100000.0,1900
584,25.0,0.01,2400,1,100000.0,1950
585,25.0,0.01,2400,1,100000.0,2000
586,25.0,0.008,600,1,100000.0,100
587,25.0,0.008,600,1,100000.0,150
588,25.0,0.008,600,1,100000.0,200
589,25.0,0.008,600,1,100000.0,250
590,25.0,0.008,600,1,100000.0,300
591,25.0,0.008,600,1,100000.0,350
592,25.0,0.008,600,1,100000.0,400
593,25.0,0.008,600,1,100000.0,450
594,25.0,0.008,600,1,100000.0,500
595,25.0,0.008,600,1,100000.0,550
596,25.0,0.008,600,1,100000.0,600
597,25.0,0.008,600,1,100000.0,650
598,25.0,0.008,600,1,100000.0,700
599,25.0,0.008,600,1,100000.0,750
600,25.0,0.008,600,1,100000.0,800
601,25.0,0.008,600,1,100000.0,850
602,25.0,0.008,600,1,100000.0,900
603,25.0,0.008,600,1,100000.0,950
604,25.0,0.008,600,1,100000.0,1000
605,25.0,0.008,600,1,100000.0,1050
606,25.0,0.008,600,1,100000.0,1100
607,25.0,0.008,600,1,100000.0,1150
608,25.0,0.008,600,1,100000.0,1200
609,25.0,0.008,600,1,100000.0,1250
610,25.0,0.008,600,1,100000.0,1300
611,25.0,0.008,600,1,100000.0,1350
612,25.0,0.008,600,1,100000.0,1400
613,25.0,0.008,600,1,100000.0,1450
614,25.0,0.008,600,1,100000.0,1500
615,25.0,0.008,600,1,100000.0,1550
616,25.0,0.008,600,1,100000.0,1600
617,25.0,0.008,600,1,100000.0,1650
618,25.0,0.008,600,1,100000.0,1700
619,25.0,0.008,600,1,100000.0,1750
620,25.0,0.008,600,1,100000.0,1800
621,25.0,0.008,600,1,100000.0,1850
622,25.0,0.008,600,1,100000.0,1900
623,25.0,0.008,600,1,100000.0,1950
624,25.0,0.008,600,1,100000.0,2000
625,25.0,0.008,1200,1,100000.0,100
626,25.0,0.008,1200,1,100000.0,150
627,25.0,0.008,1200,1,100000.0,200
628,25.0,0.008,1200,1,100000.0,250
629,25.0,0.008,1200,1,100000.0,300
630,25.0,0.008,1200,1,100000.0,350
631,25.0,0.008,1200,1,100000.0,400
632,25.0,0.008,1200,1,100000.0,450
633,25.0,0.008,1200,1,100000.0,500
634,25.0,0.008,1200,1,100000.0,550
635,25.0,0.008,1200,1,100000.0,600
636,25.0,0.008,1200,1,100000.0,650
637,25.0,0.008,1200,1,100000.0,700
638,25.0,0.008,1200,1,100000.0,750
639,25.0,0.008,1200,1,100000.0,800
640,25.0,0.008,1200,1,100000.0,850
641,25.0,0.008,1200,1,100000.0,900
642,25.0,0.008,1200,1,100000.0,950
643,25.0,0.008,1200,1,100000.0,1000
644,25.0,0.008,1200,1,100000.0,1050
645,25.0,0.008,1200,1,100000.0,1100
646,25.0,0.008,1200,1,100000.0,1150
647,25.0,0.008,1200,1,100000.0,1200
648,25.0,0.008,1200,1,100000.0,1250
649,25.0,0.008,1200,1,100000.0,1300
650,25.0,0.008,1200,1,100000.0,1350
651,25.0,0.008,1200,1,100000.0,1400
652,25.0,0.008,1200,1,100000.0,1450
653,25.0,0.008,1200,1,100000.0,1500
654,25.0,0.008,1200,1,100000.0,1550
655,25.0,0.008,1200,1,100000.0,1600
656,25.0,0.008,1200,1,100000.0,1650
657,25.0,0.008,1200,1,100000.0,1700
658,25.0,0.008,1200,1,100000.0,1750
659,25.0,0.008,1200,1,100000.0,1800
660,25.0,0.008,1200,1,100000.0,1850
661,25.0,0.008,1200,1,100000.0,1900
662,25.0,0.008,1200,1,100000.0,1950
663,25.0,0.008,1200,1,100000.0,2000
664,25.0,0.008,2400,1,100000.0,100
665,25.0,0.008,2400,1,100000.0,150
666,25.0,0.008,2400,1,100000.0,200
667,25.0,0.008,2400,1,100000.0,250
668,25.0,0.008,2400,1,100000.0,300
669,25.0,0.008,2400,1,100000.0,350
670,25.0,0.008,2400,1,100000.0,400
671,25.0,0.008,2400,1,100000.0,450
672,25.0,0.008,2400,1,100000.0,500
673,25.0,0.008,2400,1,100000.0,550
674,25.0,0.008,2400,1,100000.0,600
675,25.0,0.008,2400,1,100000.0,650
676,25.0,0.008,2400,1,100000.0,700
677,25.0,0.008,2400,1,100000.0,750
678,25.0,0.008,2400,1,100000.0,800
679,25.0,0.008,2400,1,100000.0,850
680,25.0,0.008,2400,1,100000.0,900
681,25.0,0.008,2400,1,100000.0,950
682,25.0,0.008,2400,1,100000.0,1000
683,25.0,0.008,2400,1,100000.0,1050
684,25.0,0.008,2400,1,100000.0,1100
685,25.0,0.008,2400,1,100000.0,1150
686,25.0,0.008,2400,1,100000.0,1200
687,25.0,0.008,2400,1,100000.0,1250
688,25.0,0.008,2400,1,100000.0,1300
689,25.0,0.008,2400,1,100000.0,1350
690,25.0,0.008,2400,1,100000.0,1400
691,25.0,0.008,2400,1,100000.0,1450
692,25.0,0.008,2400,1,100000.0,1500
693,25.0,0.008,2400,1,100000.0,1550
694,25.0,0.008,2400,1,100000.0,1600
695,25.0,0.008,2400,1,100000.0,1650
696,25.0,0.008,2400,1,100000.0,1700
697,25.0,0.008,2400,1,100000.0,1750
698,25.0,0.008,2400,1,100000.0,1800
699,25.0,0.008,2400,1,100000.0,1850
700,25.0,0.008,2400,1,100000.0,1900
701,25.0,0.008,2400,1,100000.0,1950
